# id|summary|steps — independently edited Russian text; titles are reviewed separately.
1-3|Датчики помогают заметить дым или угарный газ раньше.|Подберите устройства для своего отопления и проверяйте их по инструкции производителя.
1-4|Газовое оборудование требует обслуживания специалистами.|Найдите договор обслуживания и дату следующей проверки; при запахе газа звоните 104 с безопасного места.
1-5|Внешний вид и домашние тесты не гарантируют съедобность гриба.|Не ешьте неизвестные грибы; при недомогании после них обращайтесь за срочной помощью.
1-6|Повреждённый аккумулятор может загореться при зарядке.|Используйте штатное зарядное устройство, не перекрывайте выход и не заряжайте повреждённую батарею.
1-7|Разовое измерение не заменяет оценку давления в динамике.|Запишите домашние измерения и обсудите их с терапевтом; самостоятельно дозы не меняйте.
1-8|Срок проверки сахара зависит от возраста, симптомов и факторов риска.|На диспансеризации уточните, нужны ли вам анализы и когда их повторить.
1-10|Детское удерживающее устройство выбирают по росту и весу.|Проверьте инструкцию кресла и его установку; не держите ребёнка на руках вместо фиксации.
1-13|Безопасность дома и подходящие упражнения важны для предупреждения падений.|Уберите скользящие коврики, добавьте свет и согласуйте нагрузку при нарушении равновесия.
1-14|Сведения о прошлых прививках помогут составить план защиты от гепатита B.|Возьмите прививочный сертификат к терапевту; необходимость анализов и вакцинации определяют индивидуально.
1-15|После загрязнённой раны важны обработка и оценка прививочного статуса.|Обратитесь в травмпункт и сообщите дату последней прививки от столбняка, если она известна.
1-16|Вакцинацию против ВПЧ обсуждают до заражения, но возможность зависит от возраста и ситуации.|Уточните у врача показания, схему, доступность препарата и стоимость курса в вашем регионе.
1-17|Маммография нужна по возрасту и риску, а не по универсальному зарубежному графику.|Уточните свой срок обследования в поликлинике; при новом уплотнении не ждите планового скрининга.
1-18|Скрининг шейки матки и обследование при жалобах решают разные задачи.|Согласуйте с гинекологом метод и интервал; принесите результаты предыдущих исследований.
1-19|План обследования кишечника зависит в том числе от семейного анамнеза.|Расскажите врачу о случаях рака у родственников; кровь в стуле требует отдельного обращения.
1-20|Прививку от гриппа обсуждают перед сезоном с учётом состояния здоровья.|Уточните в поликлинике доступную вакцину и противопоказания, особенно при хронических заболеваниях.
1-21|Зарубежный возрастной порог вакцинации не означает автоматической доступности в России.|Спросите врача о показаниях и зарегистрированных препаратах против опоясывающего лишая.
1-22|Пневмококковую вакцинацию подбирают с учётом возраста, заболеваний и прошлых доз.|Принесите записи о прививках, чтобы врач составил подходящую схему.
1-23|Проверка на Helicobacter pylori нужна по показаниям, а не всем подряд.|При жалобах обсудите метод диагностики; антибиотики без назначения не начинайте.
1-24|КТ для скрининга лёгких оценивают по стажу курения и другим факторам.|Запишите количество лет и сигарет в день; обсудите пользу и риски обследования с врачом.
1-26|Средства безопасности полезны, когда исправны и доступны.|Проверьте срок годности аптечки, состояние огнетушителя и свободный путь к выходу.
1-27|Кровь в моче требует выяснения причины, даже если появилась один раз.|Запишитесь к врачу без затягивания; при задержке мочи, сильной боли или ухудшении нужна срочная помощь.
1-28|Нарушение эрекции может иметь разные причины, включая лекарства и сосудистые заболевания.|Обсудите симптом с врачом и перечислите все препараты; не покупайте средства у случайных продавцов.
1-29|Сексуальное здоровье стоит обсуждать вместе с общим состоянием организма.|Проверьте с врачом давление, сахар и факторы риска; не обещайте себе результат только от похудения.
1-30|Барьерная защита и стерильные инструменты снижают риск передачи инфекций.|Держите презервативы доступными и не используйте общие иглы или шприцы.
1-31|Слишком ранний отрицательный тест не исключает инфекцию.|Уточните сроки тестирования в центре СПИД; после недавнего риска обращайтесь срочно, не дожидаясь анализа.
1-32|В кризисе важно получить живую поддержку прямо сейчас.|Скажите близкому о риске, отойдите от опасных предметов; при угрозе жизни звоните 112 или 103.
1-33|Последствия отравления нельзя надёжно оценить по первоначальному самочувствию.|При подозрении звоните 103; сообщите вещество и время контакта, не вызывайте рвоту самостоятельно.
1-34|После падения тяжёлая травма бывает незаметна снаружи.|Вызовите 112 при значительной высоте или нарушении сознания; не поднимайте пострадавшего без необходимости.
1-35|Предложение денег за орган — повод прекратить контакт, а не способ решить долги.|Не передавайте документы посреднику; при давлении обратитесь в полицию, а с долгами — за юридической помощью.
1-36|Неизвестный металлический предмет может быть опасным источником излучения или боеприпасом.|Не трогайте и не переносите его; отойдите и сообщите место по номеру 112.
2-3|Поддержка при отказе от табака может включать лекарства.|Обсудите варианты с врачом с учётом других препаратов и прошлых попыток.
2-4|Конкретный план помогает подготовиться к отказу от курения.|Выберите день, уберите запас сигарет и заранее решите, кому позвонить при сильной тяге.
2-5|За помощью при отказе от табака можно начать с поликлиники.|Спросите терапевта о доступной консультации и лечении зависимости.
2-6|Электронная сигарета не нужна некурящему человеку для профилактики чего-либо.|Не начинайте употреблять никотин; при зависимости обсудите план отказа со специалистом.
2-8|Бетель и неизвестные жевательные смеси не становятся безопасными из-за растительного происхождения.|Не покупайте их как средство бодрости; при употреблении расскажите об этом стоматологу.
2-9|Калиевая соль подходит не всем, особенно при болезнях почек и некоторых лекарствах.|Сначала обсудите замену с врачом; начните с уменьшения пересаливания обычной еды.
2-10|Уход за зубами включает поверхности между ними.|Попросите стоматолога показать подходящую технику и подобрать щётку, пасту и межзубные средства.
2-12|Хорошее самочувствие не означает, что назначенный препарат больше не нужен.|Свяжите приём с ежедневным действием; побочные эффекты обсуждайте с врачом, не отменяя лечение произвольно.
2-13|Потребность во сне индивидуальна; постоянная сонливость заслуживает внимания.|Ведите неделю записи сна и обсудите проблему, если отдых не восстанавливает силы.
2-15|Игра с ракеткой может быть приятным способом регулярно двигаться.|Попробуйте доступную площадку и посильную длительность; при ограничениях здоровья согласуйте нагрузку.
2-16|Небольшие движения проще встроить в загруженный день.|Добавьте короткую прогулку или лестницу по самочувствию; резкая интенсивность не обязательна.
2-19|Переработанное мясо не обязательно делать основой ежедневного питания.|Замените часть колбасы обычным приготовленным мясом, рыбой или бобовыми по предпочтениям.
2-20|Алкоголь не нужен для укрепления здоровья.|Выберите безалкогольный вариант; при зависимости или симптомах отмены обратитесь за медицинской помощью.
2-21|Выраженная отмена алкоголя может потребовать неотложного лечения.|При дрожи, спутанности, судорогах или резком ухудшении вызывайте 103; не пытайтесь лечить это самостоятельно.
2-22|Запись выпитого помогает обсуждать употребление без приблизительных оценок.|Отметьте объём и крепость напитков за неделю и покажите записи врачу.
2-23|Орехи могут быть частью разнообразного питания, если нет аллергии.|Выберите несолёный вариант и удобную порцию; маленьким детям не давайте целые орехи.
2-24|Чередование источников белка делает меню разнообразнее.|Запланируйте блюда из рыбы, птицы или бобовых с учётом аллергий и бюджета.
2-26|Чай — напиток по вкусу, а не обязательное средство продления жизни.|Выбирайте несладкий чай, если он вам подходит, и учитывайте кофеин.
2-27|Добавки могут превращать кофе в полноценный сладкий десерт.|Проверьте состав привычного напитка; уменьшайте сахар по вкусу, не заставляя себя пить кофе.
2-29|Состав и общий рацион полезнее оценивать, чем одно рекламное слово на упаковке.|Сравните сахар, соль и состав двух привычных продуктов; выберите подходящий по бюджету.
2-30|Дым от топлива не должен попадать в жилое помещение.|Проверьте вентиляцию и исправность отопления со специалистом; не используйте мангал внутри.
2-31|Обжигающий напиток не нужно пить через силу.|Дайте чашке остыть до комфортной температуры, особенно перед тем как предложить ребёнку.
2-32|Дневная прогулка может стать устойчивой частью режима.|Выберите светлое время и безопасный маршрут; не заменяйте прогулку взглядом прямо на солнце.
2-33|Вес оценивают вместе с самочувствием, питанием и состоянием здоровья.|Обсудите реалистичные изменения с врачом; избегайте резкого ограничения еды.
2-34|Острота еды — вопрос вкуса и переносимости, а не обязательная оздоровительная практика.|Не добавляйте перец ради обещаний долголетия; при неприятных симптомах уменьшите его.
2-35|Молочные продукты подходят не всем и не обязаны присутствовать в одном количестве.|Выберите переносимый вариант без лишнего сахара; при исключении группы продуктов обсудите замену.
2-36|Количество яиц оценивают в контексте всего питания.|Не строите рацион на одном продукте; при назначенной диете уточните ограничения у врача.
2-37|Ванна может быть способом отдыха, но не лечением заболеваний.|Избегайте обжигающей воды и скользкого пола; при склонности к обморокам обсудите безопасность.
2-38|Дневной сон не должен регулярно маскировать недостаток ночного.|Попробуйте короткий отдых; при постоянной сонливости запишитесь к врачу.
2-39|После недосыпа безопасность важнее попытки любой ценой сохранить продуктивность.|Отложите вождение при сонливости и вернитесь к привычному времени ночного сна.
2-40|Ночные смены требуют отдельного плана сна и восстановления.|Обсудите график с работодателем и врачом, если усталость мешает работе или дороге домой.
3-9|Развлечения легко растягиваются за пределы запланированного времени.|Назначьте время окончания фильма или игры и подготовьте следующий день заранее.
3-10|Усталость — повод дать необязательному решению паузу.|Запишите ночную идею и перечитайте после отдыха, прежде чем отправлять сообщение или платить.
3-11|Короткий отдых может быть удобнее борьбы с сонливостью.|Выберите безопасное место и будильник; не продолжайте вождение, если клонит в сон.
3-12|Для сложного материала полезно подобрать комфортную звуковую обстановку.|Попробуйте тихое место; с берушами сохраняйте возможность услышать важные сигналы.
3-13|Длительные переработки стоит обсуждать как проблему нагрузки.|Неделю записывайте реальные часы работы и обсудите приоритеты с руководителем.
3-14|Простое дело руками может временно переключить внимание.|Попробуйте убрать стол или приготовить еду; если переживания не отпускают, ищите поддержку.
3-15|Тревожный прогноз не обязательно точно описывает будущее.|Запишите, что известно наверняка, а что предполагается; при стойком отчаянии поговорите со специалистом.
3-18|Пауза в конфликте должна быть безопасной и понятной другой стороне.|Скажите, что вернётесь к разговору позже, и выйдите из напряжённой обстановки.
3-19|Базовый уход за собой может поддержать, но не заменяет лечение депрессии.|Выберите посильный шаг и договоритесь о разговоре; при риске самоповреждения нужна срочная помощь.
3-20|Важную договорённость легче проверить, когда она записана.|После разговора сохраните письмо с условиями, ответственным и сроком ответа.
3-22|Чужую реакцию на неловкость часто невозможно знать наверняка.|Не перечитывайте ситуацию бесконечно; спросите доверенного человека, если нужна обратная связь.
3-23|Требование быть идеальным стоит проверять конкретными вопросами.|Уточните критерий достаточного результата вместо попытки угадать все ожидания.
3-24|Агрессивная разрядка может навредить вам и окружающим.|Отойдите, замедлите дыхание и продолжайте разговор, когда сможете говорить без угроз.
3-25|Дневник может помочь назвать переживания словами.|Пишите недолго и прекращайте, если становится хуже; тяжёлые симптомы обсудите со специалистом.
4-3|Уже потраченные силы не обязывают продолжать неудачное дело.|Сравните будущие затраты, пользу и доступные альтернативы.
4-5|Встреча полезнее, когда понятно, какое решение требуется.|Отправьте повестку и время окончания; учитывайте удобство участников, если предлагаете встречу стоя.
4-9|За откладыванием может стоять страх ошибки или слишком большой объём.|Назовите неприятную часть задачи и сделайте первый небольшой шаг.
4-11|Денежные ставки на привычку подходят не каждому.|Сначала попробуйте бесплатное напоминание или поддержку друга; не рискуйте необходимыми деньгами.
4-13|Постоянное откладывание иногда мешает учёбе, работе и быту.|Опишите конкретные трудности специалисту, если простая организация задач не помогает.
4-14|Бытовую помощь стоит сравнивать с бюджетом и собственными силами.|Посчитайте полную цену услуги и начните с разового заказа у проверенного исполнителя.
4-16|Новости удобнее читать с заранее выбранной целью.|Назначьте короткое время и несколько источников; отключите бесконечные уведомления.
4-18|Дорога — часть ежедневной стоимости жилья.|Проверьте маршрут до работы в час пик, пересадки и время возвращения вечером.
5-3|Для покупки жилья в России можно проверить меры поддержки, доступные вашей семье.|Проверьте маткапитал, вычеты и программы поддержки по условиям вашей семьи; не включайте неподтверждённую помощь в бюджет.
5-5|Лотерея не подходит для накоплений или выхода из долгов.|Если участвуете ради развлечения, заранее ограничьте сумму, которую готовы полностью потерять.
5-6|Обещание высокой гарантированной прибыли требует особенно тщательной проверки.|Проверьте организацию в реестрах Банка России и не переводите деньги под давлением.
5-7|Минимальный платёж не показывает полную стоимость долга.|Прочитайте условия льготного периода, посчитайте проценты и составьте план погашения.
5-8|Небольшие игровые платежи и донаты складываются в заметную сумму.|Установите месячный лимит и уберите сохранённую карту там, где покупаете импульсивно.
5-9|Возврат детских покупок зависит от обстоятельств сделки и возраста ребёнка.|Сохраните чеки, обратитесь к продавцу и при отказе обсудите основания возврата с юристом.
5-10|Ребёнку полезно заранее знать, какие просьбы незнакомца нужно отклонить.|Договоритесь: телефон, банковские коды и подтверждения покупок передавать нельзя; сомнения обсуждаются со взрослым.
5-11|Расширенная гарантия может дублировать уже имеющуюся защиту.|Сравните исключения, срок, цену и порядок ремонта до оплаты дополнительной услуги.
5-12|Лекарство нельзя менять только по похожей упаковке или цене.|Спросите врача или фармацевта о зарегистрированном аналоге с подходящей дозировкой и формой.
5-13|Российский ОМС не работает как общий семейный кошелёк.|Проверьте полис каждого члена семьи и уточните у страховой компании доступную помощь.
5-14|Безопасность воды зависит от источника и состояния коммуникаций.|Проверьте сообщения водоснабжающей организации; фильтр обслуживайте по инструкции, не считая его универсальной защитой.
5-15|Частые сделки добавляют комиссии и требуют времени.|Запишите цель вложений и условия выхода, прежде чем реагировать на каждое движение цены.
5-16|Заёмные деньги увеличивают последствия инвестиционной ошибки.|Не используйте кредит для непонятного инструмента; сначала разберитесь, как можно потерять вложенное.
5-17|Фонд оценивают по составу, рискам и доступности активов, а не только слову «индексный».|Прочитайте документы фонда, комиссии и ограничения на покупку и продажу для российского инвестора.
5-18|Одинаковая стратегия не означает одинаковую полную стоимость.|Сравните вознаграждение управляющего, брокерские расходы, спред и возможные дополнительные сборы.
5-19|Разные названия активов ещё не означают разные риски.|Проверьте, не зависят ли все вложения от одной компании, валюты или отрасли.
5-20|Пенсионные и долгосрочные сберегательные программы имеют условия доступа к деньгам.|Сравните правила вычетов, взносов и досрочного выхода до подписания договора.
5-21|Длинный абонемент выгоден только при реальном использовании.|Попробуйте несколько посещений и проверьте дорогу, расписание и условия заморозки.
5-22|Условия предоплаты должны быть понятны до перевода.|Зафиксируйте услугу, срок, получателя денег и порядок отказа в договоре или заказе.
5-25|Страховую защиту и инвестиционный доход полезно оценивать отдельно.|Найдите страховые случаи, исключения, выкупную сумму и все комиссии договора.
5-26|ОСАГО не покрывает любой ущерб в любом размере.|Проверьте действующий полис, допущенных водителей и ограничения; дополнительное покрытие сравнивайте по договору.
5-27|Резерв нужен для обязательных расходов при потере дохода.|Посчитайте месячный минимум и постепенно откладывайте доступную сумму без инвестиционного риска для ближайших платежей.
5-28|Досрочное погашение меняет график, но уменьшает доступный резерв.|Запросите у банка оба расчёта — сокращение срока и платежа — и проверьте порядок подачи заявления.
5-30|Автор трансляции и юридический продавец могут быть разными лицами.|Найдите продавца в заказе и направьте претензию через официальный канал площадки.
5-31|Небезопасный продукт стоит документировать, не продолжая его употреблять.|Сохраните упаковку и чек; при вреде здоровью обратитесь к врачу и подайте обращение в Роспотребнадзор.
5-32|Знак на упаковке полезно сопоставить с документами на конкретную модель.|Попросите номер декларации или сертификата и проверьте его в официальном реестре.
5-33|Перепродажная цена украшения может сильно отличаться от магазинной.|Покупайте вещь ради использования, если не готовы отдельно оценивать ликвидность и расходы продажи.
5-34|Для драгоценностей важны характеристики изделия и проверяемые сведения о продавце.|Сохраните бирку и чек; проверьте пробу и данные изделия через предусмотренные официальные сервисы.
5-35|Случайная награда не гарантирует нужный предмет или возможность вернуть деньги.|Назначьте лимит развлечений и не пытайтесь отыграть уже потраченное.
5-36|Лицевая сторона упаковки не заменяет перечень ингредиентов.|Проверьте состав и аллергены до покупки, особенно незнакомого продукта.
5-37|Решение о продаже лучше связывать с целями и изменившимися обстоятельствами.|Запишите основания пересмотра вложений; не держите актив только ради возврата к цене покупки.
5-38|Резкие новости создают давление принять решение немедленно.|Возьмите паузу и проверьте, меняет ли событие ваш план и допустимый риск.
6-1|Поливитамины не стоит покупать только по обещанию продлить жизнь.|Обсудите реальные показания, питание и риск избытка компонентов до начала курса.
6-2|Рыбий жир из рекламы не равнозначен назначенному лекарству.|Уточните у врача цель приёма, форму препарата и необходимость именно в вашей ситуации.
6-3|Доза витамина D зависит от показаний; больше не означает лучше.|Не начинайте высокие дозы самостоятельно, особенно одновременно с другими добавками.
6-4|Слово «антиоксидант» само по себе не подтверждает профилактику рака.|Покажите врачу состав добавок и проверьте, нет ли дублирования и противопоказаний.
6-5|Боль в колене требует оценки причины и плана помощи.|Обсудите движение, обезболивание и другие варианты; не заменяйте обследование покупкой добавки.
6-6|Витамин C не должен заменять обычную профилактику инфекций.|Не принимайте большие дозы ради обещания не болеть; обсудите необходимость при ограниченном питании.
6-7|Большой набор исследований может приводить к лишним находкам и вмешательствам.|До оплаты спросите, какое решение изменит каждый анализ и почему он показан вам.
6-8|Браслет фиксирует данные, но не выполняет действие за вас.|Выберите одну полезную функцию и не покупайте устройство ради обещанного автоматического похудения.
6-9|Дорогая маркировка не заменяет разнообразия и доступности питания.|Сравните состав и цену; выбирайте продукты, которые сможете покупать регулярно.
6-10|У добавки должны быть понятны цель, состав и возможный вред.|Отложите покупку по эмоциональной рекламе и обсудите её с лечащим врачом.
6-11|Пробиотики различаются и не нужны постоянно каждому человеку.|Уточните конкретное показание и длительность, особенно при серьёзных заболеваниях.
6-12|Неприятная процедура не становится обязательной из-за обещаний иммунитета.|Выберите комфортную температуру душа; при болезнях сердца не экспериментируйте с резким холодом без обсуждения.
6-13|Коммерческий «детокс» часто продаётся без понятной лечебной цели.|Не заменяйте им питание и назначенные лекарства; при подозрении на отравление нужна медицинская помощь.
6-14|Потребность в жидкости зависит от условий и здоровья.|Ориентируйтесь на обычное питьё и рекомендации врача; при ограничении жидкости соблюдайте индивидуальный план.
6-15|Платное предсказание не проверяет риски реального решения.|Сравните доступные факты и альтернативы, особенно перед кредитом, лечением или увольнением.
6-16|Боль и покраснение глаз не стоит объяснять только экраном.|Настройте удобное освещение; при боли или ухудшении зрения обратитесь к офтальмологу.
6-17|Донорство — помощь другим людям, требующая допуска и соблюдения интервалов.|Следуйте обследованию в службе крови и сообщайте о слабости или прошлой анемии.
6-19|Один повышенный анализ не означает, что нужно самостоятельно начинать лекарство.|Обсудите мочевую кислоту вместе с симптомами, функцией почек и другими факторами.
6-20|Обнаруженные камни не всегда означают немедленную операцию.|Спросите хирурга о показаниях и наблюдении; при сильной боли и температуре обращайтесь срочно.
6-21|Исключение кальция без показаний может сделать рацион несбалансированным.|Уточните тип камней и индивидуальные рекомендации по питанию у врача.
6-22|Талисман можно купить как украшение, но не как гарантию дохода.|Отделите символическую ценность от обещаний продавца и заранее ограничьте расходы.
6-23|Покупка может порадовать, но не обязана решить длительное недовольство собой.|Отложите импульсивный заказ и попробуйте бесплатный способ отдыха или разговор с близким.
6-24|Расходы ради впечатления на окружающих легко выходят за бюджет.|Определите собственные приоритеты и оставьте деньги на обязательные платежи.
6-25|Неудачный день не доказывает, что у вас закончилась способность действовать.|Упростите следующую задачу и проверьте, хватает ли отдыха и понятных условий.
6-26|Жёсткое окно питания подходит не всем и не гарантирует результат.|Выбирайте устойчивый режим; при заболеваниях, беременности или нарушениях пищевого поведения обсудите его с врачом.
7-1|Пособие и помощь с работой оформляют по российским правилам занятости.|Проверьте порядок обращения через «Работу России» и московский центр занятости; подготовьте сведения о работе.
7-3|Бесплатная юридическая помощь зависит от категории заявителя и вопроса.|Найдите участника системы на сайте Минюста и уточните условия приёма до визита.
7-4|Социальная помощь начинается с описания конкретной трудности.|Обратитесь в районную соцзащиту; перечислите, что нужно сейчас: питание, ночлег, документы или уход.
7-6|Временная помощь не назначается автоматически при любой потере дохода.|Уточните в соцзащите доступные меры, документы и основания отказа для вашей ситуации.
7-7|Право на поддержку оценивают по условиям конкретной программы.|Соберите сведения о составе семьи и доходах и запросите перечень подходящих выплат.
7-8|Поддержка при инвалидности включает разные федеральные и региональные меры.|Проверьте назначения в СФР и отдельно уточните московские меры в соцзащите.
7-9|Потеря работы сама по себе не повод отказываться от медицинской помощи.|Проверьте действительность полиса ОМС и уточните у страховщика порядок получения нужного лечения.
7-11|При потере паспорта важно восстановить документ и снизить риск злоупотреблений.|Уточните порядок заявления и замены в МВД; при краже сообщите об обстоятельствах полиции.
7-12|Регистрация в службе занятости и назначение пособия — связанные, но разные процедуры.|Проверьте статус заявления, приглашения и сроки ответа в личном кабинете «Работы России».
7-13|Бесплатное обучение имеет требования к участнику и выбранной программе.|До записи выясните стоимость для вас, документ об окончании и реальную связь с вакансиями.
7-14|Поиск работы удобнее вести как небольшой повторяемый процесс.|Выберите роли, обновите резюме и заведите таблицу откликов с датами следующего контакта.
7-15|Передача паспорта или залога посреднику создаёт риск зависимости и потери денег.|Проверьте работодателя и договор; не соглашайтесь на удержание оригиналов документов.
7-16|Социальное жильё зависит от установленных оснований и учёта нуждаемости.|Уточните в жилищном органе Москвы, применимы ли условия к вам, и получите список документов.
7-17|Совместные расходы требуют понятных договорённостей.|Запишите доли аренды, коммунальных платежей и правила общих покупок до заселения.
7-18|Пенсионный стаж и медицинское страхование нужно проверять отдельно.|Закажите сведения о лицевом счёте в СФР и уточните статус ОМС у страховой компании.
7-19|Восстановление после долгов или освобождения удобнее начать с документов и обязательств.|Составьте перечень ограничений, исполнительных производств и доступной помощи; обсудите порядок действий с юристом.
7-20|Добровольная страховка может исключать уже известные заболевания.|До оплаты прочитайте исключения, лимиты, ожидание начала покрытия и условия продления.
7-21|Если ночевать негде, первоочередная задача — безопасное место.|Уточните приём в московском центре социальной адаптации; при непосредственной угрозе жизни звоните 112.
8-1|После ДТП сначала обеспечивают безопасность людей.|Остановитесь, обозначьте место и вызовите 112 при пострадавших; не перемещайте их без угрозы на месте.
8-5|Процессуальный статус влияет на права и порядок участия в допросе.|Уточните, кто и в каком качестве вызывает вас, и свяжитесь с адвокатом до объяснений по существу.
8-6|Игнорирование процессуальных документов может усложнить ситуацию.|Покажите повестку адвокату и согласуйте законный порядок явки и защиты.
8-7|План возвращения лучше составить до употребления алкоголя.|Оставьте ключи и закажите такси; не рассчитывайте быстро протрезветь с помощью кофе.
8-8|Передача банковского доступа может вовлечь вас в чужие преступные операции.|Не сдавайте карту или аккаунт в аренду; при передаче доступа немедленно свяжитесь с банком.
8-10|Драка может превратить бытовой спор в дело о причинении вреда.|Отойдите в безопасное место, вызовите помощь и сохраняйте доказательства угроз.
8-11|Правовую оценку самообороны определяют конкретные обстоятельства.|Стремитесь прекратить опасность и уйти; после происшествия вызовите службы и получите помощь адвоката.
8-12|Способ разрешения спора зависит от его предмета и сторон.|Соберите документы и уточните досудебный порядок, нужный суд и сроки обращения.
8-13|Посторонние люди не должны становиться целью накопившейся злости.|Прервите контакт и уберите доступ к опасным предметам; при риске нападения вызывайте помощь.
8-14|Если боитесь причинить вред, действуйте до столкновения.|Отойдите от человека, сообщите доверенному близкому и при непосредственном риске звоните 112.
8-15|Угрозы себе или другим нельзя надёжно оценить как «просто слова».|Не спорьте и не обещайте секретность; при опасности вызовите 112 и обеспечьте собственную безопасность.
8-16|Публичное обвинение требует особенно аккуратного обращения с фактами.|Сохраните первоисточник и доказательства; описание собственного опыта отделяйте от непроверенных утверждений.
8-17|Подпись должна относиться к полностью заполненному и понятному документу.|Прочитайте приложения, исправьте пустые места и получите свой экземпляр.
8-18|Заём и поручительство создают разные обязательства.|Зафиксируйте сумму, передачу и возврат; до поручительства оцените возможность платить за другого человека.
8-19|Срок обращения различается для трудовых, гражданских и других споров.|Сразу запишите дату события и уточните срок у юриста; переписка не всегда его приостанавливает.
8-20|Попытка скрыть имущество может осложнить исполнительное производство.|Проверьте требования пристава и обсуждайте рассрочку или обжалование законным путём.
8-21|Ограничение может оказаться ошибочным или уже не соответствовать ситуации.|Получите постановление, проверьте данные должника и направьте документы на исправление или обжалование.
8-22|Жалобе на площадке нужны конкретные сведения о сделке.|Приложите заказ, оплату и переписку; при признаках мошенничества отдельно обратитесь в полицию.
8-23|Подарок не стоит оформлять как негласный способ обязать человека продолжать отношения.|До крупной передачи определите её смысл и оцените, готовы ли вы не получить деньги обратно.
8-24|В России спор о переданных перед свадьбой деньгах решают по обстоятельствам и документам.|Зафиксируйте, были это подарок, заём или целевой платёж.
8-25|Вложения в жильё желательно оформлять до передачи денег.|Обсудите с нотариусом или юристом доли, заём, дарение и последствия будущего раздела.
8-26|Важные факты о семейном статусе лучше обсудить до подачи заявления.|Уточните, завершён ли прежний брак, и подготовьте необходимые документы без скрытого сбора чужих данных.
8-27|Устная оценка цены легко становится предметом спора.|Согласуйте смету, материалы, этапы и порядок дополнительных работ письменно.
8-28|Номинальная должность не освобождает от связанных с ней рисков.|Не отдавайте паспорт и подпись для чужой компании; при уже оформленной роли обратитесь к юристу.
8-29|Содержимое чужой посылки может стать вашей проблемой на границе.|Откажитесь перевозить неизвестные вещи и не подписывайте декларацию, содержание которой не проверили.
8-30|Безопасность прогулки зависит от поведения собаки и окружающей обстановки.|Используйте подходящий поводок, соблюдайте местные требования и не оставляйте ребёнка один на один с собакой.
8-31|Интимный контакт требует свободного и продолжающегося согласия.|Остановитесь при отказе, сомнении, сне или состоянии, мешающем выразить согласие.
8-32|Платёж шантажисту не гарантирует прекращения угроз.|Сохраните сообщения и реквизиты, ограничьте доступ к аккаунтам и обратитесь в полицию.
8-33|Защиту от ложного обвинения строят на проверяемых фактах.|Сохраните переписку, контакты свидетелей и обсудите заявление с адвокатом.
8-34|Обвинение и вступивший в силу приговор — разные процессуальные состояния.|Получите копии решений и проверьте с защитником порядок и сроки обжалования.
8-35|Компенсация за незаконное преследование зависит от правовых оснований.|Соберите процессуальные решения и обсудите с адвокатом право на реабилитацию и возмещение вреда.
8-36|Претензия должна описывать нарушение и законное требование.|Не угрожайте публикацией интимных сведений или насилием; спорную формулировку покажите юристу.
8-37|При травле полезно одновременно уменьшить контакт и сохранить доказательства.|Сделайте копии сообщений с адресами и датами, настройте приватность и подайте жалобу площадке.
8-38|Страховой договор не разрешает умышленно причинять вред.|При конфликте остановитесь и вызовите помощь; не рассчитывайте, что полис устранит ответственность.
8-39|Подтверждение регистрации заявления помогает отслеживать обращение.|При личной подаче в полицию попросите талон-уведомление; отказ или бездействие обсуждайте с юристом.
8-40|Неформальная передача денег должностному лицу создаёт уголовные риски.|Платите только предусмотренные платежи по официальным реквизитам; при вымогательстве ищите законную защиту.
8-41|Допустимость записи и её публикации — разные вопросы.|Сохраните оригинал и обстоятельства записи; перед распространением или использованием в споре уточните правовые основания.
8-42|Общий вид места помогает понять взаимное расположение объектов.|Если безопасно, снимите адрес, повреждения и детали, сохраняя исходные файлы без редактирования.
8-43|Безопасность при домашнем насилии важнее попытки решить всё одним разговором.|При угрозе звоните 112, обратитесь за медицинской фиксацией травм и юридической помощью; не рассчитывайте на автоматическое защитное предписание.
9-1|Изображение или пересланное сообщение может оказаться подделкой.|Проверьте время, место и первичный источник, прежде чем распространять сведения о происшествии.
9-2|Публикации о символах и исторических событиях могут иметь правовые последствия.|Для спорного материала проверьте действующие российские нормы и контекст с юристом.
9-3|Зарубежное происхождение контента само по себе не объясняет его правовой статус.|Проверьте ограничения на конкретный материал и условия его распространения в России.
9-4|Интимные материалы требуют учёта закона и согласия изображённых людей.|Не пересылайте чужие интимные изображения; материалы с несовершеннолетними не сохраняйте и не распространяйте.
9-5|«Работа» по прогону чужих денег может быть участием в мошенничестве.|Не предоставляйте карту и коды; сообщите банку, если счёт уже использовали посторонние.
9-6|Ложные сведения для кредита создают риск серьёзных последствий.|Не подписывайте фиктивные справки и не оформляйте кредит по документам посредника.
9-7|Найденная вещь не становится вашей автоматически.|Передайте находку владельцу или в уполномоченное место; не используйте карту и не просматривайте чужой телефон.
9-8|Правила акции не разрешают обман продавца или чужую идентификацию.|Не создавайте фиктивные сведения ради выплаты; спор о бонусе решайте через поддержку.
9-9|Даже небольшой предмет с высоты может причинить тяжёлую травму.|Уберите вещи с края балкона и закрепите то, что может упасть.
9-10|Название «игрушка» в объявлении не определяет правовой статус предмета.|Проверьте документацию и требования к приобретению до заказа оружия или похожего изделия.
9-11|Регистрация дрона не заменяет разрешение на полёт; в Москве действуют ограничения.|Перед запуском проверьте актуальные сообщения властей и авиационные ограничения именно для места и даты.
9-12|Скрытая съёмка в приватном месте нарушает личные границы и может нарушать закон.|Не устанавливайте камеры в спальнях, санузлах и раздевалках; законность наблюдения согласуйте заранее.
9-13|Организация игры на деньги отличается от участия в обычной игре.|Не запускайте ставки или азартный сервис без проверки российских разрешений и ограничений.
9-14|Документы на происхождение животного важнее заверений продавца.|Откажитесь от покупки при сомнениях в законности добычи, ввоза или содержания.
9-15|Долг не даёт права удерживать человека или его документы.|Фиксируйте обязательство и используйте претензию и судебный порядок взыскания.
9-16|Документ и аккаунт с подтверждённой личностью нельзя давать для действий от вашего имени без оснований.|Не соглашайтесь пройти идентификацию за другого человека или отдать паспорт «в залог».
9-17|При взаимодействии с полицией важно не усугублять конфликт.|Уточните основания действий, запомните данные сотрудников и запросите адвоката, когда нужна защита.
9-18|Возраст и способность выразить согласие имеют самостоятельное правовое значение.|Не вступайте в сексуальные отношения с несовершеннолетними; правовую оценку возраста и обстоятельств уточняют по российскому УК.
9-19|Даже короткая драка может закончиться тяжёлой травмой и взысканием ущерба.|Покиньте конфликт, если можете; при пострадавших вызовите помощь и зафиксируйте обстоятельства.
9-20|Если уход за ребёнком стал непосильным, помощь лучше искать до кризиса.|Обратитесь в соцзащиту или семейный центр; при непосредственной опасности для ребёнка звоните 112.
9-21|Заявление страховщику должно отражать реальные обстоятельства.|Сохраните документы и не соглашайтесь на схему с фиктивным происшествием или завышенными повреждениями.
9-22|Посредничество в покупке или продаже органов не является обычной услугой.|Не участвуйте в таких сделках и не передавайте персональные данные организаторам.
9-23|Организация сексуальной эксплуатации и принуждение требуют правовой оценки и защиты пострадавших.|Не участвуйте в принуждении, эксплуатации или посредничестве; при угрозах обращайтесь за помощью.
10-1|Совместимость удобнее узнавать через общение и реальные ситуации.|Выбирайте безопасные встречи и оставляйте обеим сторонам возможность отказаться.
10-2|Отказ не требует продолжения уговоров и проверки границ.|Прекратите нежелательные сообщения и встречи, даже если вам трудно принять ответ.
10-4|Собственное чувство безопасности — важная часть оценки отношений.|Отметьте, можете ли вы говорить «нет», сохранять друзей и распоряжаться своими деньгами.
10-5|Взаимность появляется в разговоре, а не по готовому сценарию воздействия.|Задавайте открытые вопросы и делитесь своим опытом без требования немедленной близости.
10-6|Отношения на расстоянии требуют обсуждения практических ожиданий.|Поговорите о частоте встреч, расходах и возможном переезде без односторонних обещаний.
10-7|Процент разводов нельзя читать без понимания, что именно сравнивают.|Проверьте период, выборку и знаменатель статистики, прежде чем переносить её на свою пару.
10-8|Связь брака со здоровьем не доказывает, что любой брак полезен каждому.|Оценивайте качество своих отношений и не вступайте в них ради статистического обещания.
10-10|Режим имущества в браке и условия брачного договора нужно понимать заранее.|Обсудите с нотариусом свои активы, долги и желаемые договорённости.
10-11|Родительская помощь с жильём может оформляться разными способами.|До перевода письменно определите получателя, назначение и наличие обязанности вернуть деньги.
10-12|Не любой долг одного супруга автоматически является общим.|Сохраните документы о цели и использовании займа; при споре получите индивидуальную юридическую оценку.
10-13|Российская регистрация брака имеет собственные документы и сроки.|Проверьте актуальную услугу ЗАГС на Госуслугах или mos.ru перед выбором даты.
10-14|Разговор о здоровье помогает принимать совместные решения без давления.|Обсудите значимые риски и планы обследования, уважая конфиденциальность и право на помощь.
10-15|Поддержка заметна по тому, как партнёры реагируют на трудности друг друга.|Назовите конкретно, какая помощь вам нужна, и выслушайте ответ.
10-16|Развод может затрагивать детей, имущество, долги и содержание.|Составьте перечень вопросов и документов и обсудите варианты с семейным юристом.
10-17|Решение о браке принадлежит участникам отношений.|Отдельно запишите собственные желания и ожидания родственников, чтобы не смешивать их.
10-18|Разговор о проблеме не требует унижения человека.|Описывайте конкретное действие и нужное изменение; при угрозах сначала обеспечьте безопасность.
11-1|Техническая роль не исключает ответственности за содержание работы.|До начала сомнительного проекта уточните заказчика, назначение системы и правовые основания.
11-2|Разработка читов может затронуть авторские права, доступ к системам и условия сервиса.|Не обходите защиту и не продавайте инструмент без оценки прав на код и последствий его использования.
11-3|Автоматизация не делает фиктивные действия допустимыми.|Проверьте правила площадки и законность сценария до написания бота для накрутки или бонусов.
11-4|Публичная доступность страницы не означает неограниченные права на данные.|Определите основание сбора, состав персональных сведений и допустимый способ доступа.
11-5|Назначение продукта важно не меньше качества кода.|Откажитесь от участия в мошеннических схемах и сохраните документы о поставленной задаче.
11-6|Уход с работы требует корректной передачи, а не удаления чужих систем.|Согласуйте акт передачи доступов и оборудования; личные данные удаляйте по установленному порядку.
11-7|Доступ к рабочим материалам не равен праву забрать их в личный проект.|Проверьте договор, режим конфиденциальности и разрешение на использование конкретных файлов.
11-8|Чужое устройство нельзя считать свободным вычислительным ресурсом.|Получите явное разрешение владельца на программу, нагрузку и обработку данных.
11-9|Разрешение на тестирование должно задавать границы проверки.|Зафиксируйте системы, методы, сроки, контакт и порядок остановки до запуска тестов.
11-10|Сообщение об уязвимости должно помогать исправлению без лишнего раскрытия данных.|Используйте security-контакт или программу раскрытия и не продолжайте доступ за согласованными пределами.
11-11|Правила о сервисах обхода ограничений и их рекламе меняются.|До запуска или продвижения проверьте действующие российские требования с профильным юристом.
11-12|Условие о неконкуренции нельзя оценивать по практике другой страны.|Покажите трудовой договор российскому юристу и отдельно уточните обязанности по коммерческой тайне.
11-13|Личный проект проще защитить при ясном происхождении кода.|Разделяйте рабочие устройства, время и репозитории и письменно согласуйте спорные права.
11-14|Открытый код может требовать сохранения уведомлений или раскрытия изменений.|Прочитайте LICENSE каждой зависимости и выполните условия распространения своего продукта.
11-15|Для обработки персональных данных нужны определённая цель и законное основание.|Составьте перечень данных, сроки хранения, права доступа и тексты необходимых уведомлений.
11-16|Для российского сайта проверяют обязанности оператора данных и требования к инфраструктуре.|До запуска изучите уведомление Роскомнадзора, локализацию и меры защиты применительно к вашему сервису.
11-17|ИИ-сервис затрагивает права на данные, контент и результаты работы.|Проверьте условия модели, обработку пользовательских данных и отраслевые ограничения перед публикацией.
12-1|Личный резерв и бюджет эксперимента лучше разделить.|Определите максимальный убыток, после которого остановите проект и пересмотрите план.
12-2|Поручительство способно перенести риски компании на личный бюджет.|Прочитайте предел обязательств и условия взыскания с независимым юристом до подписи.
12-3|Самозанятость, ИП и ООО подходят для разных операций и ограничений.|Сравните ответственность, налоги, сотрудников и отчётность на материалах ФНС.
12-4|Чужой фактический контроль не делает номинальную долю безопасной.|Не оформляйте участие за вознаграждение без понимания деятельности и своих обязанностей.
12-5|Франшизу оценивают по договору и фактической экономике.|Проверьте права на бренд, платежи, ограничения и условия выхода с юристом.
12-6|Ошибки при регистрации создают дальнейшие административные расходы.|Подготовьте сведения и выберите применимый порядок через сервис регистрации бизнеса ФНС.
12-7|Некоторые виды деятельности требуют лицензии или специального разрешения.|Проверьте требования к конкретной услуге до аренды помещения и первых продаж.
12-8|Пищевой бизнес требует российских санитарных и регистрационных процедур.|Уточните требования Роспотребнадзора к вашему формату, помещению, персоналу и уведомлению о начале деятельности.
12-9|Состав обязательной маркировки зависит от вида продукта.|Проверьте применимый технический регламент до печати упаковки и выпуска партии.
12-10|Реклама еды не должна выдавать продукт за лекарство.|Уберите необоснованные лечебные обещания и проверьте макет до публикации.
12-11|Сомнение в безопасности партии требует действий до продажи.|Изолируйте товар, свяжитесь с поставщиком и уточните порядок отзыва и уведомления.
12-12|Отсутствие выручки не означает отсутствие всех обязанностей бизнеса.|Составьте календарь отчётности и платежей с учётом формы и налогового режима.
12-13|Документы должны отражать реальные операции.|Согласуйте с бухгалтером учёт расходов и право на льготу, сохраняя подтверждения.
12-14|Налоговые вопросы лучше проверять по материалам ФНС для своего режима.|Запишите спорную операцию и получите разъяснение до подачи декларации.
12-15|Аванс, задаток и неустойка имеют разные последствия.|Запишите основание платежа, сроки, отказ и ответственность понятными условиями договора.
12-16|Фактический допуск сотрудника требует своевременного оформления.|Проверьте трудовой договор, кадровые документы и обязанности по взносам с бухгалтером.
12-17|Условия оплаты должны быть понятны сотруднику и отражены документально.|Фиксируйте изменения надлежащим способом и выдавайте расчётные сведения.
12-18|Маленький заказ позволяет проверить спрос до большого вложения.|Определите критерий успеха пилота и соберите обратную связь покупателей.
12-19|Рабочий образец ещё не доказывает готовность производства.|Проверьте повторяемость качества, поставки, себестоимость и обслуживание до масштабирования.
12-20|Проверяемое происхождение товара помогает при споре и проверке.|Сохраняйте договоры, накладные и сведения о поставщике вместе с заказом.
12-21|Изображение из интернета может иметь правообладателя.|Получите лицензию или создайте собственный дизайн и сохраните подтверждение прав.
12-22|Повторяющиеся операции полезно описать заранее.|Запишите ответственного, шаги проверки и порядок действий при ошибке.
12-23|Прекращение продаж не закрывает организацию и её долги автоматически.|Проверьте порядок прекращения деятельности, расчётов и отчётности с бухгалтером и юристом.
13-1|Отсутствие нормального дыхания у человека без сознания требует немедленных действий.|Звоните 112 на громкой связи, следуйте указаниям по реанимации и попросите принести автоматический дефибриллятор.
13-2|После падения не нужно сразу усаживать или ставить человека на ноги.|Обеспечьте безопасность, проверьте сознание и дыхание; при серьёзной травме вызывайте 112.
13-3|Внезапная асимметрия лица, слабость руки и нарушенная речь могут означать инсульт.|Немедленно звоните 103, запомните время начала; не давайте еду и питьё при нарушении глотания.
13-4|Инсульт может сопровождаться внезапным нарушением зрения или координации.|Вызывайте 103 при резком появлении таких симптомов, даже без типичного перекоса лица.
13-5|Внезапная потеря зрения требует срочной медицинской оценки.|Сообщите в 103, когда это началось и прошло ли; самостоятельно за руль не садитесь.
13-6|Сильная боль в глазу с ухудшением зрения — повод для неотложной помощи.|Обратитесь срочно, не подбирайте капли самостоятельно и не ждите плановой записи.
13-7|Давящая боль в груди может быть признаком опасного состояния.|Прекратите нагрузку и звоните 103; не добирайтесь за рулём и следуйте указаниям диспетчера.
13-8|Резкая необычная боль в груди и спине требует срочной оценки.|Звоните 103, сообщите характер и время начала боли; не пытайтесь определить диагноз дома.
13-9|Внезапная необычно сильная головная боль — повод для экстренного обращения.|Вызывайте 103, особенно при нарушении речи, сознания или слабости; не ждите действия обезболивающего.
13-10|Ухудшение после удара головой может развиваться не сразу.|При сонливости, повторной рвоте, спутанности или слабости вызывайте помощь; сообщите о препаратах, влияющих на свёртывание.
13-11|Новый односторонний отёк ноги требует оценки причины.|Не массируйте болезненную область; при одышке или боли в груди немедленно звоните 103.
13-12|При сильном наружном кровотечении счёт может идти на минуты.|Вызовите 112 и прижимайте рану через ткань или повязку; застрявший предмет не извлекайте.
13-13|После укуса или слюны животного на повреждённой коже нужна оценка риска бешенства.|Промойте место водой с мылом и срочно обратитесь в травмпункт, не ожидая симптомов.
13-14|Ожог нужно охлаждать водой, а не маслом, льдом или зубной пастой.|Используйте прохладную проточную воду около 20 минут; при обширном или глубоком ожоге вызывайте помощь.
13-15|Внезапное затруднение дыхания и отёк могут быть тяжёлой аллергической реакцией.|Звоните 103; если человеку назначен автоинъектор адреналина, помогите применить его по индивидуальному плану.
13-16|Во время судорог важно защитить от травмы, а не удерживать силой.|Уберите опасные предметы, засеките время и ничего не кладите в рот; при первом или затяжном приступе звоните 103.
13-17|При диабете полезен заранее согласованный план помощи при низком сахаре.|Следуйте этому плану, если человек в сознании и может глотать; при нарушении сознания ничего не давайте через рот и звоните 103.
13-18|Спасатель не должен становиться частью электрической цепи.|Отключите питание, если безопасно; к высоковольтному источнику не приближайтесь, звоните 112.
13-19|Угарный газ нельзя надёжно заметить по запаху.|Выйдите на свежий воздух, не возвращайтесь за вещами и вызовите 112 снаружи.
13-20|Домашние способы «очистить желудок» могут ухудшить состояние.|Вызовите 103, не вызывайте рвоту и сохраните упаковку вещества для специалистов.
13-21|При химическом поражении сначала защищают себя от контакта.|Вызовите помощь; снимите загрязнённую одежду, сухой порошок осторожно удалите до промывания и сообщите название вещества.
13-22|Перегрев со спутанностью сознания требует экстренной помощи.|Звоните 103, переместите в прохладное место и начните охлаждение; не давайте пить человеку с нарушенным сознанием.
13-23|При перегреве важно прекратить нагрузку и следить за сознанием.|Уведите в прохладу; воду небольшими порциями предлагайте только при сохранном глотании, при ухудшении звоните 103.
13-24|Дым и закрытые пути выхода опасны даже вдали от огня.|Звоните 112, используйте безопасную лестницу; не заходите в задымлённый проход и не возвращайтесь внутрь.
13-25|Неумелая попытка спасения вплавь может привести к двум пострадавшим.|Зовите 112, подайте плавучий предмет или протяните помощь с устойчивого места, не рискуя собой.
13-26|Невозможность говорить, кашлять или дышать при удушье требует немедленной помощи.|Вызовите 112 и выполняйте инструкции диспетчера с учётом возраста; не ищите предмет пальцами вслепую.
13-27|В лесу или на трассе сначала нужно сообщить, где вы находитесь.|Позвоните 112, передайте координаты и ориентиры, берегите заряд и согласуйте дальнейшее перемещение.
13-28|Переохлаждение требует бережного согревания, а не растирания и алкоголя.|Переместите в укрытие, замените мокрую одежду и укройте; при спутанности или выраженной слабости звоните 112.
13-29|После укуса змеи нужна срочная медицинская помощь.|Ограничьте движения, вызовите 112; не разрезайте рану, не отсасывайте яд и не накладывайте жгут.
13-30|План действий при землетрясении зависит от здания и места.|Заранее изучите рекомендации МЧС для района поездки; во время толчков берегитесь стекла и падающих предметов.
13-31|Дикое животное не нужно кормить, преследовать или фотографировать вблизи.|Сохраняйте дистанцию и путь отхода; видовые правила безопасности изучите до похода.
13-32|Открытая вода и одинокое дерево не подходят для укрытия от грозы.|Перейдите в капитальное здание или закрытый автомобиль, избегая контакта с водой и металлом.
13-33|Ухудшение самочувствия в горах нельзя преодолевать любой ценой.|Прекратите подъём; при выраженных симптомах организуйте спуск и медицинскую помощь с сопровождающими.
13-34|Клеща нужно удалить без масла, нагревания и раздавливания.|Обратитесь в травмпункт или аккуратно извлеките подходящим инструментом; уточните профилактику с учётом региона и времени укуса.
13-35|Прозрачная природная вода не обязательно безопасна для питья.|Возьмите запас воды и подходящий способ обработки; кипячение не устраняет все химические загрязнения.
13-36|Вещи не стоят риска тяжёлой травмы.|Избегайте резких действий, уйдите в безопасность и затем сообщите в полицию и заблокируйте карты.
13-37|Вмешательство без подготовки может сделать вас участником драки.|Отойдите, вызовите 112 и сообщите место и наличие пострадавших.
13-38|Профилактика после возможного заражения ВИЧ зависит от времени.|Обратитесь срочно в центр СПИД или неотложную службу; не ждите результата теста или появления симптомов.
13-39|Российские основания возмещения расходов при спасении требуют отдельной оценки.|Сохраните медицинские документы и чеки и уточните права у юриста.
13-40|Глубоко застрявший предмет может удерживать повреждённые ткани и сосуды.|Не вытаскивайте его и не давите на него; вызовите 112 и следуйте указаниям.
13-41|Самостоятельное вправление может усилить повреждение.|Ограничьте движения и поддерживайте область в найденном положении; при тяжёлой травме вызовите 112.
14-3|Блокировка экрана и защита SIM закрывают разные способы доступа.|Настройте надёжный код телефона; перед включением PIN уточните, где хранится PUK вашего оператора.
14-4|Потерянный телефон может давать доступ к сообщениям и банку.|Через официальные каналы заблокируйте SIM и устройство, завершите сеансы и сообщите банку.
14-5|При неизвестном списании важно быстро связаться с банком.|Заблокируйте карту, оспорьте операцию по установленному порядку и сохраните подтверждения обращения.
14-6|Старое устройство или приложение может сохранять действующий доступ.|Откройте список сеансов важных аккаунтов и отзовите ненужные подключения.
14-7|Разрешения должны соответствовать функции приложения.|Проверьте доступ к контактам, геолокации, микрофону и фото; отключите лишнее.
14-8|Права на данные реализуют через обращение к оператору в предусмотренном законом порядке.|Уточните, кто обрабатывает сведения, и направьте конкретный запрос на доступ, исправление или прекращение обработки.
14-9|Перед биометрической регистрацией стоит выяснить цель и альтернативы.|Спросите об обычном способе обслуживания и условиях отзыва согласия, не передавая биометрию под давлением.
15-1|Залог, обеспечительный платёж и последний месяц аренды не стоит смешивать.|Укажите назначение суммы, основания удержания и срок возврата в договоре найма.
15-2|Смена замков и конфликт с наймодателем требуют документирования.|Сохраните договор и платежи; при угрозах звоните 112, порядок защиты владения обсудите с юристом.
15-3|Посредник не всегда вправе получать плату за собственника.|Проверьте полномочия получателя и согласуйте реквизиты и назначение платежа в договоре.
15-4|Дешёвая аренда с большой предоплатой может оказаться дорогим риском.|Проверьте собственника и компанию, не платите за длительный срок без понятных гарантий.
15-5|Продажу квартиры и судьбу договора найма оценивают по российскому праву.|Сохраните договор и уведомления; до переезда или новых платежей уточните права с юристом.
15-6|До расчётов нужно проверить объект, собственника и ограничения.|Запросите актуальные сведения ЕГРН законным способом и сопоставьте их с документами продавца.
15-7|Способ расчёта должен учитывать условия конкретной сделки.|Сравните с банком и юристом аккредитив, эскроу и другие варианты; зафиксируйте основания раскрытия денег.
15-8|Низкая цена не компенсирует опасное или непригодное помещение.|Осмотрите выходы, электрику, вентиляцию и правовой статус жилья до подписания договора.
16-1|Изменение самочувствия не всегда означает изменение потребности в лечении.|Храните актуальный список препаратов и согласуйте отмену или замену с врачом.
16-2|Льготные лекарства и лечение по ОМС оформляют по разным основаниям.|Уточните в поликлинике и у страховщика свои права, документы и порядок помощи в другом регионе.
16-3|График наблюдения помогает не терять важные обследования.|Запишите даты, подготовку и место хранения результатов; покажите предыдущие данные врачу.
16-4|Добавки могут взаимодействовать с назначенным лечением.|Перечислите врачу все принимаемые средства и не заменяйте ими основную терапию.
16-5|Длительность рецепта зависит от препарата и медицинских оснований.|Заранее обсудите запас до следующего визита и порядок продления, не дожидаясь окончания лекарства.
16-6|Название программы «семейный врач» не объясняет, что включено в цену.|Попросите перечень услуг, исключений, выездов и условий прекращения договора.
16-7|При диабете наблюдение включает профилактику осложнений.|Уточните график осмотров глаз и стоп и признаки, с которыми нужно обращаться раньше.
16-8|Профилактика повторных камней зависит от их состава и других болезней.|Обсудите результаты анализа камня, питьевой режим и питание с урологом.
16-9|При подагре важно согласовать долгосрочную цель лечения и помощь при приступе.|Запишите план с врачом и не меняйте препараты только по одному анализу.
17-1|Пожилой возраст сам по себе не означает недееспособность.|Обсудите желания родственника, доверенность и помощь в быту; необходимость опеки оценивают отдельно.
17-2|Завещание оформляют с учётом состава имущества и семейной ситуации.|Обратитесь к нотариусу и уточните изменение документа и права обязательных наследников.
17-3|Финансовая защита должна учитывать самостоятельность пожилого человека.|С его согласия настройте уведомления и правило паузы перед крупным переводом.
17-4|Заранее подготовленный отказ помогает завершить навязчивый разговор.|Попробуйте фразу «Я не принимаю финансовые решения по телефону» и завершайте звонок.
17-5|Обещание особой доходности «только пенсионерам» требует проверки.|Не переводите предоплату и проверьте организацию в реестрах Банка России.
17-6|Залог единственного жилья создаёт особенно серьёзные последствия ошибки.|Покажите договор независимому юристу и не подписывайте под давлением продавца.
17-7|Длительный уход требует плана помощи самому человеку и ухаживающему.|Уточните доступные социальные услуги и варианты передышки в районной соцзащите.
17-8|Профилактика повреждений кожи требует регулярного ухода и подходящей поверхности.|Попросите медработника показать осмотр кожи, смену положения и правила использования оборудования.
18-2|Отпуск по беременности и родам и выплаты зависят от статуса занятости и страхования.|Уточните документы и порядок назначения у работодателя и в СФР до предполагаемой даты.
18-3|Трудовые гарантии при беременности и уходе за ребёнком требуют правильного оформления.|Сохраните заявления и подтверждения подачи; спор об условиях обсудите с трудовой инспекцией.
18-5|Расходы меняются по мере роста ребёнка.|Разделите бюджет на обязательное, разовое и желательное и оставьте резерв на непредвиденное.
18-6|Решение о детях не обязано соответствовать чужому расписанию.|Обсудите с партнёром желание, ресурсы и готовность, не подменяя разговор давлением семьи.
19-1|Сверхурочные нужно отличать от обычного графика и ненормированного дня.|Сохраняйте распоряжения и учёт часов; проверьте порядок оплаты или отдыха по российскому ТК.
19-2|Отпуск и компенсация зависят от стажа, категории и основания прекращения работы.|Запросите остаток дней и расчёт; проверьте его до подписания документов об увольнении.
19-3|Испытательный срок не означает работу без оформления и оплаты.|Проверьте условие в договоре, допустимость испытания и установленную зарплату.
19-4|Сокращение имеет собственную процедуру и выплаты.|Сохраните уведомление, предложения вакансий и расчёт; уточните сроки обращения за последующими выплатами.
19-5|Выплаты при увольнении зависят от основания прекращения договора и соблюдения процедуры.|Проверьте основание увольнения, положенный срок предупреждения и применимые компенсации с юристом.
19-6|Оспаривание увольнения ограничено процессуальными сроками.|Получите приказ и документы о расчёте и быстро обсудите восстановление или компенсацию с юристом.
19-7|Заявление по собственному желанию должно отражать ваше решение.|Не подписывайте пустой или навязанный текст; фиксируйте давление и обращайтесь за защитой.
19-8|После потери доступа к рабочим системам документы получить труднее.|Законно сохраните свой договор, расчётные листки и подтверждения графика без чужих конфиденциальных данных.
19-9|После увольнения стоит отдельно проверить доход, документы и сохраняющиеся обязанности.|Запросите необходимые сведения, обратитесь в службу занятости и уточните спорные условия договора.
19-10|Работа во вредных условиях требует информации о рисках и предусмотренной защите.|Попросите сведения об условиях труда, обязательных осмотрах и средствах защиты до допуска.
19-11|Средство защиты должно соответствовать конкретному воздействию.|Уточните тип респиратора или защиты слуха и попросите показать правильное применение.
19-12|Производственную травму важно зафиксировать как связанную с работой.|Получите медицинскую помощь, сообщите работодателю и сохраните сведения о месте, времени и свидетелях.
19-13|Резкое ухудшение здоровья важнее отметки о выходе на смену.|При опасных симптомах звоните 103, затем сообщите работодателю доступным способом.
19-14|Нарушения оформления со стороны работодателя требуют отдельной правовой оценки.|Сохраните доказательства фактической работы и травмы и обратитесь в трудовую инспекцию и СФР.
19-15|Последствия производственной травмы оформляют по установленной медицинской процедуре.|Уточните у лечащего врача и СФР документы для оценки утраты трудоспособности и дальнейшей поддержки.
19-16|При гибели работника семье могут полагаться разные виды поддержки.|Соберите документы о родстве и происшествии и уточните основания выплат у работодателя и в СФР.
19-17|Систематическое унижение на работе стоит описывать конкретными событиями.|Записывайте даты и свидетелей, сохраняйте сообщения и выбирайте безопасный канал жалобы.
20-1|Для сна младенцу нужна отдельная безопасная поверхность рядом со взрослым.|Укладывайте на спину на твёрдый ровный матрас без подушек, мягких игрушек и свободных одеял.
20-2|Первые прививки обсуждают с неонатологом с учётом состояния ребёнка.|Уточните вакцинацию против гепатита B по российскому календарю и сохраните запись о дозе.
20-3|Календарь прививок стоит проверять вместе с педиатром.|Принесите все записи, составьте план пропущенных доз и уточните противопоказания.
20-4|Питание младенца зависит от возраста, роста и ситуации семьи.|Обсудите поддержку кормления и сроки прикорма с педиатром без стыда за необходимость смеси.
20-5|Неверное разведение смеси может навредить ребёнку.|Следуйте инструкции по воде, пропорциям и хранению; не растягивайте смесь дополнительной водой.
20-6|Мёд не подходит детям первого года жизни.|Не добавляйте его в смесь, воду или на соску; проверьте состав угощений.
20-7|Профилактику дефицита витамина K обсуждают в роддоме.|Уточните, что введено ребёнку и нужен ли дальнейший план; не заменяйте назначение добавкой самостоятельно.
20-8|Температура у младенца первых месяцев требует быстрой оценки.|При 38 °C и выше у ребёнка младше трёх месяцев срочно свяжитесь с врачом; при тяжёлом состоянии звоните 103.
20-9|Сильная тряска может тяжело травмировать младенца.|Если не справляетесь с плачем, положите ребёнка в безопасную кроватку и позовите другого взрослого.
20-10|Подгузник должен подходить по размеру и не оставаться долго загрязнённым.|Меняйте его регулярно, бережно очищайте кожу и покажите стойкое раздражение педиатру.
20-11|Часть вещей можно покупать по мере необходимости.|Проверяйте состояние и комплектность подержанного изделия; неизвестную историю аварии автокресла считайте серьёзным риском.
20-12|Введение аллергенов при тяжёлой экземе требует индивидуального обсуждения.|Согласуйте с педиатром форму и условия знакомства с арахисом; целые орехи младенцу не дают.
21-1|Условия въезда и безопасности могут измениться уже после покупки билета.|Проверьте сообщения МИД, консульства и властей страны назначения незадолго до поездки.
21-2|Доступ к интернету за границей может пропасть в неудобный момент.|Сохраните офлайн адрес консульства России, местные экстренные номера и телефон страховщика.
21-3|Консульство помогает в пределах своих полномочий, но не заменяет местного адвоката и страховщика.|До поездки прочитайте перечень функций и порядок экстренного обращения.
21-4|Страховка должна соответствовать маршруту и занятиям.|Проверьте исключения, эвакуацию, хронические болезни и порядок согласования помощи.
21-5|Высокий доход без ясного договора может скрывать эксплуатацию.|Проверьте работодателя, рабочую визу и условия проживания; не отдавайте паспорт посреднику.
21-6|Российская карта и перевод могут быть недоступны в стране поездки.|Уточните у банка работающие способы оплаты, комиссии и ограничения и подготовьте законный резерв.
21-7|Копия документа помогает восстановлению, но не заменяет оригинал на границе.|Храните защищённую копию отдельно от багажа и оставьте доступ доверенному человеку при необходимости.
21-8|Признание прав зависит от страны, срока пребывания и статуса водителя.|Проверьте местные требования и условия проката, включая необходимость международного удостоверения.
21-9|Посредник не может гарантировать решение консульства или миграционной службы.|Проверьте договор, полномочия и официальный порядок подачи до оплаты.
21-10|Приглашение и сведения о принимающей стороне создают обязанности.|Не подписывайте фиктивные документы и не оформляйте приглашение за вознаграждение незнакомцу.
22-1|Выход должен быть доступен, а не только обозначен на плане.|При входе посмотрите, где лестница и свободные двери; не оставайтесь в явно небезопасном помещении.
22-2|Стоимость развлечения может включать дополнительные сборы.|Уточните итоговую цену, продолжительность и условия отказа до заказа.
22-3|Неизвестное вещество и давление компании — достаточный повод уйти.|Выберите безопасный выход и свяжитесь с человеком, который поможет добраться домой.
22-4|Состав предложенного вещества нельзя определить по словам знакомого.|Не принимайте неизвестное и не оставляйте напиток без присмотра; при резком ухудшении вызывайте 103.
22-5|Вводить чужую личность ради доступа к услуге не стоит.|Проверьте, зачем заведению документ, и предъявляйте только свои данные в необходимом объёме.
22-6|Сложность квеста не оправдывает запертые аварийные выходы и опасные механизмы.|Спросите о стоп-сигнале, возможности выйти и возрастных ограничениях до начала.
22-7|Посильная прогулка может быть частью заботы о себе.|Выберите короткий знакомый маршрут; при длительном снижении настроения обратитесь за поддержкой.
22-8|Практика осознанности подходит не всем и не заменяет лечение.|Попробуйте короткое упражнение со специалистом и прекращайте, если оно усиливает тревогу.
22-9|Спокойное дыхание можно попробовать как короткую паузу.|Дышите без усилия и задержек; при головокружении остановитесь, при новой одышке нужна медицинская оценка.
22-11|Для отдыха на природе не обязательно ехать далеко.|Найдите доступный парк Москвы или зелёный двор и выберите безопасный удобный маршрут.
23-1|Трудоустройство подростка в России зависит от возраста и условий работы.|До соглашения проверьте требования ТК РФ, согласия и ограничения по нагрузке.
23-2|Образование может расширять возможности, но не гарантирует здоровье или доход.|Сравните конкретную программу с вашими целями, затратами и условиями жизни.
23-3|Один рассказ о неудачном выпускнике не описывает весь рынок.|Посмотрите вакансии и пути выпускников нужной программы, отделяя рекламу от проверяемых данных.
23-4|Финансовые трудности стоит обсудить с учебным заведением до отчисления.|Узнайте о стипендии, материальной помощи, общежитии и допустимых вариантах перерыва.
23-5|Колледж или профессиональная подготовка могут быть самостоятельным выбором.|Проверьте лицензию, практику, оборудование и вакансии по будущей квалификации.
23-6|Немедленный заработок и обучение решают разные задачи по времени.|Составьте несколько сценариев на год и на несколько лет, включая возможность совмещать.
23-7|Курс стоит оценивать по навыку, который будете применять.|Посчитайте полную стоимость и время, попросите программу и примеры работ выпускников.
23-8|Не каждый сертификат признаётся работодателем или регулятором.|Проверьте требования к желаемой должности до оплаты экзамена.
23-9|Субсидируемое обучение может иметь критерии участия и обязательства.|Сравните официальные программы службы занятости и уточните условия лично для вас.
23-10|При выборе навыка важны реальные рабочие задачи.|Найдите примеры вакансий и попробуйте небольшое практическое задание до длинного курса.
23-11|Новое удостоверение не обязательно автоматически повышает зарплату.|Спросите работодателя, какая квалификация нужна и как она учитывается в оплате.
23-12|Спрос лучше проверять по месту, где вы готовы работать.|Сравните московские вакансии по опыту, графику и зарплате и поговорите с представителями профессии.
23-13|Короткая программа полезна, если даёт нужный начальный навык.|Проверьте объём практики, требования работодателей и честность обещаний трудоустройства.
23-16|Знакомый текст ещё не означает, что вы можете его воспроизвести.|Закройте конспект и решите задачу или объясните тему своими словами.
23-17|Смешанные задания помогают проверить выбор подходящего метода.|После освоения основы чередуйте несколько типов задач и разбирайте ошибки.
23-18|Ярлык «визуал» или «аудиал» не должен ограничивать способы учиться.|Выбирайте формат под материал и проверяйте результат на практике.
23-19|Подготовка полезнее, когда похожа на будущую задачу.|Тренируйте устный ответ, решение или рабочий проект в условиях, близких к применению.
24-2|Оплата по ОМС зависит от вида помощи и установленного маршрута.|Уточните у страхового представителя, где получить нужную услугу бесплатно и требуется ли направление.
24-3|Посредник не должен продавать вам доступ к положенной помощи.|Уточните официальный порядок направления в своей поликлинике и у страховщика.
24-4|Плановая помощь за пределами региона может требовать предварительного согласования.|До поездки уточните документы и порядок направления в принимающей организации и страховой ОМС.
24-5|Наблюдение рядом с домом упрощает регулярные визиты.|Согласуйте, какие осмотры доступны в поликлинике, а когда нужен профильный центр.
24-7|Документы важны для независимой оценки медицинского спора.|Запросите копии записей и результатов официально, сохранив подтверждение обращения.
24-8|При тяжёлом состоянии не стоит тратить время на обычную запись.|Звоните 103 или 112 и следуйте маршруту, который определит экстренная служба.
24-9|Экстренную помощь нельзя откладывать ради поиска полиса или денег.|При угрозе жизни звоните 103; вопрос документов решайте после обращения.
24-10|Срок и вид оценки последствий травмы зависят от цели документа.|Уточните у врача и юриста, нужна ли экспертиза для лечения, страхования или возмещения вреда.
24-11|Инвалидность устанавливают по процедуре медико-социальной экспертизы.|Обсудите с лечащим врачом стойкие ограничения и основания направления; сохраняйте результаты обследований.
24-12|Письменная благодарность помогает отметить работу специалиста без двусмысленности.|Отправьте отзыв учреждению, указав отделение и конкретную помощь без лишних медицинских данных.
25-1|При неясном состоянии человека сначала нужно проверить возможность спасения.|Звоните 112 или 103, следуйте указаниям; при признаках насильственной смерти не меняйте обстановку без необходимости.
25-2|Медицинский документ и государственная регистрация смерти — разные этапы.|Уточните у медицинской организации получение свидетельства и проверьте правильность данных.
25-3|Похоронного исполнителя лучше выбирать по проверяемым условиям.|Запросите договор, реквизиты и смету; не передавайте документы первому пришедшему посреднику.
25-4|Вопрос о причине смерти требует своевременного официального обращения.|Сообщите о сомнениях уполномоченной организации и обсудите сохранение документов с юристом.
25-5|Регистрация смерти необходима для дальнейших юридических действий.|Уточните порядок и срок в ЗАГС или МФЦ и получите документ для наследственных и социальных вопросов.
25-6|Даже в тяжёлый момент можно попросить письменную детализацию услуг.|Сравните обязательное и дополнительное и уточните доступные гарантированные услуги и пособие.
25-7|Навязанные услуги проще оспаривать при наличии документов.|Сохраните смету, чек и переписку; не подписывайте пустые бланки.
25-8|Реквизиты исполнителя должны совпадать с договором и получателем денег.|Проверьте организацию или ИП через ФНС и оплачивайте с подтверждением.
25-9|Пособие, пенсия и наследование оформляются по разным основаниям.|Уточните выплаты в СФР, а состав наследства и сроки принятия — у нотариуса.
25-10|Доступ к аккаунту умершего не равен праву публиковать всю его переписку.|Проверьте процедуру сервиса и документы наследника; не обходите чужую защиту.
26-1|Приём платежей должен соответствовать роли вашего сервиса.|Согласуйте схему с банком или платёжным оператором и проверьте кассовые обязанности.
26-2|Требования к российскому сайту зависят от его функций и деятельности владельца.|Определите вид деятельности, обязанности по данным и возможные отраслевые разрешения до запуска.
26-3|Требования к видеосервису зависят от его функций и статуса.|Проверьте права на контент, возрастную маркировку и применимые российские ограничения с юристом.
26-4|Выбор хостинга связан не только с ценой и скоростью.|Проверьте местонахождение баз персональных данных, договор и обязанности оператора.
26-5|Площадка должна понимать свою роль в отношениях продавца и покупателя.|Проверьте сведения о продавцах, условия заказа, претензий и обработки платежей.
26-6|Жалоба пользователя должна попадать в понятный процесс.|Опубликуйте правила, контакт и порядок рассмотрения обращений и сохраняйте решения модерации.
26-7|Обязательная идентификация зависит от вида сервиса, а не от наличия сайта вообще.|Определите правовое основание проверки личности и не собирайте документы без необходимости.
26-8|Доступ детей к контенту и оплате требует отдельного проектирования.|Проверьте возрастные требования и настройте понятные ограничения покупок и возвратов.
26-9|Обращение правообладателя нужно оценивать по содержанию и доказательствам.|Сохраните уведомление, проверьте права и действуйте по установленной процедуре, не игнорируя сроки.
26-10|Зарубежный аналитический или облачный сервис может участвовать в передаче персональных данных.|Составьте карту передачи и проверьте локализацию, уведомления и основания до подключения.
26-11|Дешёвый сервер без восстановления может обойтись дороже надёжного.|Проверьте резервные копии, экспорт, поддержку и план переноса до размещения проекта.
27-1|Фолиевую кислоту обсуждают уже при планировании беременности.|Уточните дозу и срок с врачом, особенно при хронических заболеваниях и постоянных лекарствах.
27-2|Раннее обращение помогает составить индивидуальный план наблюдения.|Запишитесь в женскую консультацию и уточните обследования по ОМС и дальнейшие визиты.
27-3|Обследования на инфекции назначают с учётом срока и медицинской истории.|Принесите прошлые результаты и обсудите необходимые анализы с акушером-гинекологом.
27-4|Во время беременности важно избегать алкоголя и табачного дыма.|Попросите близких не курить рядом; если отказаться трудно, обратитесь за поддержкой без откладывания.
27-5|Профилактика преэклампсии зависит от индивидуального риска.|Обсудите факторы риска с врачом; аспирин и другие препараты самостоятельно не начинайте.
27-6|Скрининг гестационного диабета имеет установленное время и подготовку.|Уточните дату и правила анализа в женской консультации и не заменяйте его домашним измерением.
27-7|Сильная боль, кровотечение, одышка или резкое ухудшение требуют срочной оценки.|Заранее сохраните номер роддома; при опасных симптомах звоните 103, не ожидая следующего приёма.
27-8|Подозрение на отхождение вод требует связи с медицинской службой.|Отметьте время и особенности выделений и свяжитесь с роддомом; при ухудшении вызывайте 103.
27-9|Варианты обезболивания стоит обсуждать до начала родов.|Спросите о доступности, противопоказаниях и альтернативе в выбранном роддоме.
27-10|Способ родоразрешения выбирают по медицинской ситуации и информированному обсуждению.|Разберите с врачом пользу и риски операции и естественных родов, а не только удобство даты.
27-11|Платный контракт и помощь по ОМС имеют разные условия.|Уточните маршрут родов, перечень услуг и действия при осложнениях до подписания договора.
27-12|Ошибку в документе о рождении проще исправить сразу.|Проверьте сведения о матери и ребёнке при выдаче и сохраните порядок дальнейшей регистрации.
27-13|Скрининг новорождённого требует не только сдачи, но и получения результата.|Уточните, какие исследования выполнены и куда обращаться, если необходим повторный анализ.
27-14|Для плановой помощи ребёнку нужно своевременно оформить документы.|Уточните порядок полиса ОМС и прикрепления к детской поликлинике; экстренную помощь не откладывайте.
27-15|Государственная регистрация рождения оформляет сведения о ребёнке официально.|Проверьте актуальный порядок ЗАГС и подготовьте документы, включая согласование имени.
27-16|После родов важны и физическое восстановление, и психическое состояние.|Запишитесь на контрольный осмотр и расскажите о подавленности, тревоге, боли или других беспокоящих симптомах.
28-1|Жёсткие ограничения и вызывание рвоты могут требовать помощи специалиста.|Обсудите питание и переживания о весе с врачом; при обмороках или резком ухудшении обращайтесь срочно.
28-2|Медицинская косметология требует проверки исполнителя и места процедуры.|Проверьте лицензию и квалификацию специалиста и получите договор до оплаты.
28-3|Инъекции в лицо могут иметь серьёзные осложнения.|Уточните препарат, риски и план экстренной помощи; не соглашайтесь на процедуру у нелегального исполнителя.
28-4|Быстрое похудение из рекламы не доказывает безопасность средства.|Не покупайте препарат неизвестного состава; обсудите варианты с врачом.
28-5|Анаболические препараты не являются обычным спортивным питанием.|Не принимайте их по совету тренера; при уже начатом приёме обсудите риски с врачом.
28-6|Лекарства для снижения веса имеют показания и противопоказания.|Получите медицинскую оценку и наблюдение, не заказывайте инъекции неизвестного происхождения.
28-7|Гормоны требуют конкретной цели лечения и контроля.|Уточните назначение, анализы и план наблюдения; не меняйте схему по интернет-совету.
28-8|Операция не обязана устранить навязчивое недовольство внешностью.|Обсудите переживания со специалистом по психическому здоровью до необратимого вмешательства.
29-1|После утраты повседневные задачи могут стать непосильными.|Попросите близкого помочь с едой, лекарствами и звонками; назначенное лечение не отменяйте без врача.
29-2|В тяжёлом разговоре сложно сразу удержать всю информацию.|Возьмите сопровождающего с вашего согласия, запишите вопросы и попросите понятный план следующего шага.
29-3|После потери работы полезно сохранить опорные действия дня.|Выделите время на поиск, отдых и заботу о здоровье и проверьте доступную поддержку.
29-4|После внезапной или насильственной смерти может понадобиться профессиональная помощь.|Обратитесь к специалисту, если переживания мешают безопасности, сну или обычной жизни.
29-5|Помощь после смерти партнёра лучше делать конкретной.|Попросите кого-то привезти еду, сопровождать на приём или помочь с документами.
29-6|Поддержка может состоять из нескольких людей и служб.|Составьте короткий список соседей, знакомых и социальных контактов, к которым можно обратиться.
29-7|Ребёнку нужны понятные слова и возможность задавать вопросы.|Говорите о смерти честно и по возрасту, не обещайте возвращения; при трудностях привлеките детского специалиста.
29-8|У горя нет единственного правильного срока, но тяжёлые ограничения жизни заслуживают помощи.|Расскажите специалисту о сне, повседневных делах и мыслях, которые вас пугают.
29-9|Поддержка при утрате может включать личные консультации или группу.|Проверьте квалификацию ведущего и выбирайте формат, где уважают ваши границы.
29-10|Расставание не отменяет потребность в лечении и повседневной заботе.|Сохраните доступ к лекарствам и поддержке и избегайте попытки заглушить чувства алкоголем.
29-11|В Москве можно обратиться в городскую службу психологической помощи.|Проверьте контакты и условия приёма на msph.ru; при непосредственной угрозе жизни звоните 112 или 103.
29-12|После потрясения необязательным решениям можно дать время.|Отложите крупную сделку или переезд, если возможно, и обсудите решение с доверенным человеком.
29-13|Долговой кризис можно обсуждать отдельно от безопасности вашей жизни.|Если есть мысли о самоповреждении, не оставайтесь одни и звоните 112; затем ищите помощь по реструктуризации долгов.
30-1|Новая сильная или нарастающая боль у ребёнка требует медицинской оценки.|Свяжитесь с врачом срочно; при тяжёлом состоянии, нарушении сознания или дыхания звоните 103.
30-2|Экзамен не должен становиться причиной пропустить необходимую помощь.|Обратитесь к врачу и уточните в школе оформление отсутствия и перенос аттестации.
30-3|Травлю полезно фиксировать как конкретные эпизоды, а не спор о характере ребёнка.|Сохраните сообщения, письменно обратитесь к руководству школы и потребуйте план безопасности.
30-4|Прогулки и перерывы в работе вблизи стоит включать в обычный день.|Обсудите режим с офтальмологом и организуйте доступное время на улице без взгляда на солнце.
30-5|Экранное время оценивают вместе со сном, движением и содержанием.|Согласуйте семейные правила по возрасту и оставьте время без экрана перед сном и за едой.
30-6|Изменение зрения требует наблюдения, а не только покупки новых очков.|Сохраняйте результаты осмотров и обсудите с офтальмологом темп изменений и варианты контроля.
30-7|Заключение школьного осмотра стоит читать полностью.|Уточните непонятные отклонения и выполните рекомендованное дополнительное обследование.
30-8|Стойкая подавленность, самоизоляция и разговоры о смерти заслуживают внимания.|Поговорите без обвинений и организуйте профессиональную оценку; при угрозе жизни звоните 112.
30-9|Обещание навсегда убрать близорукость упражнениями требует критической проверки.|Обсудите коррекцию и наблюдение с офтальмологом, не прекращая назначенное лечение ради рекламы.
30-10|Школьный график должен оставлять место для сна, еды и движения.|Сравните реальную нагрузку с возрастными потребностями и обсудите перегрузку со школой и врачом.
30-11|Перерыв в обучении зависит от уровня образования и основания.|Уточните у администрации документальное оформление лечения или академического отпуска, не прекращая посещения молча.
30-12|Ребёнок не всегда сам замечает постепенное ухудшение зрения.|При жалобах, прищуривании или трудностях чтения запишитесь к офтальмологу; внезапное ухудшение требует срочности.
30-13|Защиту жевательных зубов подбирают по риску кариеса и состоянию эмали.|Спросите детского стоматолога о показаниях к герметизации и дальнейшем контроле.
31-1|Возраст, образование и здоровье могут влиять на доступ к профессии.|Проверьте официальные требования до оплаты подготовки и сравните несколько путей входа.
31-2|Воинский учёт в России регулируется собственными правилами и сроками.|Проверьте свои обязанности и данные в официальных документах; спорные вопросы обсудите с профильным юристом.
31-3|Повестка и решение призывной комиссии требуют своевременной правовой оценки.|Не игнорируйте документы; уточните законные основания отсрочки, освобождения и порядок обжалования.
31-4|Образовательные льготы после службы зависят от статуса и действующих условий.|Проверьте правила приёма конкретного вуза и подтверждающие документы до подачи заявления.
31-5|После службы стоит отдельно проверить документы, учёт и трудоустройство.|Уточните необходимые действия в уполномоченных органах и обратитесь в службу занятости при поиске работы.
31-6|Выплаты и льготы после службы не одинаковы для всех категорий.|Соберите документы о статусе и уточните меры в СФР, ФНС и региональной соцзащите.
31-7|Работа в государственном секторе требует проверки конкретного конкурса и должности.|Читайте официальную вакансию, требования и условия, не полагаясь на обещание гарантированного назначения.
31-8|Педагогическая программа может предусматривать обязательный срок работы.|До подписания проверьте место трудоустройства, выплаты и последствия досрочного выхода.
31-9|Приём в пожарную службу и на гражданские должности имеет отдельные требования.|Проверяйте вакансии непосредственно у ведомства и уточняйте статус должности и отбор.
31-10|Возраст не мешает рассмотреть новый образовательный маршрут.|Проверьте вступительные условия, признание предыдущего образования и удобный формат учёбы.
31-11|Налоговый режим и пенсионные права — разные вопросы.|Уточните в СФР учёт стажа и добровольные взносы, а статус ОМС проверьте у страховщика.
31-12|Страхование курьера или водителя зависит от договора и статуса занятости.|Прочитайте покрытие травм, исключения и порядок обращения до начала смен.
31-13|Целевое обучение связывает поддержку с конкретными обязательствами.|Проверьте заказчика, место работы, срок и последствия нарушения договора до подписи.
31-14|Зарубежная работа требует проверки посредника и разрешения на работу.|Сверьте документы компании и условия визы, не передавайте паспорт на хранение.
31-15|Удалённая работа за рубежом затрагивает налоговое резидентство и правила платежей.|Опишите страны, сроки проживания и договор налоговому специалисту до выбора схемы оплаты.
31-16|Поддержка малого бизнеса имеет критерии отбора и целевые условия.|Проверьте программы центра «Мой бизнес» и московские меры; не закладывайте одобрение в бюджет заранее.
32-1|Признание университета и признание конкретной программы могут различаться.|Проверьте аккредитацию в стране обучения и порядок признания диплома в России до оплаты.
32-2|Для американской студенческой визы важны актуальные правила и статус учебного заведения.|Проверяйте требования F-1 на официальных сайтах США и у ответственного сотрудника вуза перед подачей.
32-3|Разрешённая работа зависит от страны и типа студенческого статуса.|Уточните часы, место и необходимость разрешения до первого рабочего дня.
32-4|Учебный статус может зависеть от нагрузки, посещения и оформления перерывов.|Согласуйте изменение программы или работы с уполномоченным сотрудником вуза заранее.
32-5|Переезд за рубежом может требовать уведомления миграционной службы.|Для США уточните порядок обновления адреса у вуза и в официальных инструкциях вашего статуса.
32-6|Условия безопасности и визовые процедуры стоит перепроверять перед выездом.|Сопоставьте сообщения российского консульства, вуза и властей страны обучения.
32-7|Студенческое страхование в Австралии связано с визовыми условиями.|Проверьте требование OSHC, срок полиса и исключения по официальным правилам вашей визы.
32-8|Британский медицинский сбор может быть частью визовых расходов.|Проверьте актуальную сумму, исключения и правила возврата на официальном сайте до оплаты.
32-9|Легализация документа и признание образования — разные процедуры.|Заранее уточните перевод, апостиль или легализацию и необходимость признания в России.
32-10|Условия признания зависят от страны, организации и программы.|Проверьте именно свой диплом и профессию через национальный информационный центр, а не только рекламу посредника.
33-1|После травмы спинного мозга внезапное резкое ухудшение может быть опасным.|При сильной головной боли и необычных симптомах вызывайте 103 и сообщите уровень и давность травмы.
33-2|Изменение возможностей может сопровождаться тяжёлыми переживаниями.|Обсудите доступную психологическую помощь и группы поддержки без требования немедленно «принять ситуацию».
33-3|Психиатрическая госпитализация имеет установленные законом основания и процедуры.|Попросите объяснить статус, права и порядок обжалования; при споре обращайтесь к независимому юристу.
33-4|Постоянному ухаживающему тоже нужны сон, лечение и отдых.|Распределите посильные задачи и узнайте о социальных услугах и временной подмене.
33-5|Подушка и посадка в коляске должны соответствовать конкретным потребностям.|Попросите специалиста оценить положение и показать ежедневный осмотр кожи и разгрузку давления.
33-6|Гарантия чудесного восстановления не заменяет клинических данных.|Проверьте лицензию, метод и риски с независимым специалистом до оплаты.
33-7|После установления инвалидности важно проверить не только пенсию.|Уточните в СФР и соцзащите выплаты, услуги и исполнение индивидуальной программы реабилитации.
33-8|Реабилитация ребёнка в России зависит от медицинских показаний и установленного маршрута.|Обсудите программу с профильным врачом и уточните доступные услуги в регионе проживания.
33-9|Адаптация жилья требует оценки реальных препятствий.|Зафиксируйте пороги, санузел и вход и уточните в соцзащите и жилищном органе доступные меры.
33-10|Подходящая работа учитывает навыки и необходимые условия.|Обратитесь в службу занятости и уточните оборудование рабочего места и сопровождение.
33-11|Налоговые льготы зависят от налога, статуса и конкретного объекта.|Проверьте сведения в личном кабинете ФНС и условия применения, не предполагая освобождение от всех налогов.
33-12|Для поездки с собакой-проводником стоит заранее проверить документы и условия.|Уточните правила у перевозчика и подготовьте подтверждения; отказ фиксируйте для обжалования.
33-13|Специальные условия экзамена обычно требуют предварительного оформления.|Свяжитесь с организатором заранее и уточните документы, оборудование и доступность помещения.
33-14|Образовательный маршрут ребёнка должен учитывать потребности и права семьи.|Обсудите необходимые условия со школой и профильной комиссией и сохраняйте письменные решения.
33-15|Возможность управления адаптированным автомобилем оценивают по российским медицинским требованиям.|Уточните медицинский допуск, обучение на адаптированном автомобиле и применимые отметки в российских правах.
33-16|Реабилитационный план должен иметь понятные цели и контроль результата.|Согласуйте со специалистами приоритетные навыки и регулярно пересматривайте нагрузку и оборудование.
33-17|Слуховой аппарат подбирают после оценки слуха и потребностей.|Обратитесь к сурдологу, уточните настройку и пробное использование, а при льготе — порядок получения.
33-18|Инвалидность сама по себе не означает недееспособность.|Для ограничения дееспособности требуется установленная судебная процедура; получите независимую правовую помощь.
33-19|Опекун имеет обязанности и ограничения, а не неограниченное право распоряжаться жизнью человека.|Уточните порядок назначения, отчётности и защиты интересов подопечного в органе опеки.
33-20|Недоступность услуги или отказ лучше фиксировать конкретно.|Сохраните обращение и ответ, опишите необходимое условие и обсудите жалобу или судебную защиту с юристом.
2-14|Регулярную активность подбирают по возрасту, возможностям и состоянию здоровья.|Для взрослых ориентир ВОЗ — 150–300 минут умеренной активности в неделю; начинайте с посильного объёма.
3-6|Сосредоточенная работа требует времени без постоянных переключений.|Выберите короткий блок, предупредите коллег и оставьте канал для действительно срочных вопросов.
