1-2|Подберите и застёгивайте подходящий шлем
1-3|Проверьте датчики дыма и угарного газа
1-4|Доверяйте обслуживание газа специалистам
1-6|Заряжайте аккумулятор электротранспорта безопасно
1-7|Обсудите контроль давления с врачом
1-8|Уточните, когда вам проверять уровень сахара
1-10|Подберите ребёнку подходящее автокресло
1-13|Снизьте риск падений дома и на прогулке
1-14|Уточните защиту от гепатита B
1-16|Обсудите вакцинацию против ВПЧ
1-17|Уточните свой график маммографии
1-18|Согласуйте скрининг рака шейки матки
1-19|Обсудите обследование кишечника по возрасту и риску
1-20|Уточните сезонную вакцинацию против гриппа
1-21|Обсудите защиту от опоясывающего лишая
1-22|Уточните показания к пневмококковой вакцинации
1-23|Проверяйтесь на Helicobacter pylori по показаниям
1-24|Обсудите скрининг лёгких при длительном курении
1-29|Обсуждайте сексуальное здоровье вместе с общим
1-33|Не откладывайте помощь при отравлении
1-35|Не соглашайтесь на продажу органа
2-5|Обратитесь за помощью при отказе от табака
2-8|Избегайте бетеля и неизвестных жевательных смесей
2-13|Подберите устойчивый режим сна
2-15|Попробуйте подходящую игру с ракеткой
2-16|Добавьте движение в повседневные дела
2-17|Включайте посильные силовые упражнения
2-23|Добавляйте орехи с учётом переносимости
2-26|Пейте чай по вкусу, без обещаний долголетия
2-34|Выбирайте острую еду по переносимости
2-35|Подбирайте молочные продукты по потребностям
2-36|Оценивайте яйца в составе всего рациона
2-37|Сделайте ванну безопасным способом отдыха
2-38|Не маскируйте постоянную сонливость дневным сном
2-39|После недосыпа восстановите режим и берегите себя
3-3|Оставляйте достаточно времени для сна
3-4|Проверьте, не мешает ли кофеин вашему сну
3-8|Подготовьте спокойный переход ко сну
3-11|Отдыхайте при сонливости, не рискуя безопасностью
3-13|Обсудите постоянные переработки
5-3|Проверьте российские меры поддержки при покупке жилья
5-9|При детской покупке без согласия запросите возврат
5-13|Проверьте полис ОМС каждого члена семьи
5-14|Оцените безопасность питьевой воды дома
5-17|Разберитесь в составе и рисках инвестиционного фонда
5-20|Сравните условия долгосрочных сберегательных программ
5-27|Постепенно создавайте резерв обязательных расходов
5-31|Зафиксируйте покупку небезопасного продукта
5-34|Проверяйте документы на драгоценности
6-2|Не подменяйте назначение врача покупкой рыбьего жира
6-3|Принимайте витамин D по обоснованной схеме
6-5|Не заменяйте лечение боли в колене покупкой добавок
6-16|При боли в глазах не ограничивайтесь покупкой очков
6-17|Сдавайте кровь по правилам службы крови
6-19|Не лечите один анализ мочевой кислоты самостоятельно
6-20|Обсудите тактику при бессимптомных камнях желчного пузыря
7-2|При задержке зарплаты обратитесь за защитой трудовых прав
7-8|Проверьте выплаты и услуги при инвалидности
7-9|Сохраняйте доступ к помощи по ОМС
7-12|Оформите обращение в службу занятости
7-18|Проверьте пенсионные сведения и статус ОМС
8-19|Уточняйте сроки обращения за судебной защитой
8-24|Фиксируйте смысл крупных передач денег перед свадьбой
8-35|Уточните право на реабилитацию после незаконного преследования
8-39|Получите подтверждение регистрации заявления в полиции
8-41|Уточните правила использования записи разговора
8-43|При домашнем насилии обеспечьте безопасность и зафиксируйте вред
9-2|Проверяйте правовые риски публикаций о символах и истории
9-3|Проверяйте ограничения на конкретный распространяемый материал
9-11|Перед полётом дрона проверьте ограничения в Москве
9-18|Учитывайте российские возрастные ограничения и правила согласия
9-23|Не участвуйте в сексуальной эксплуатации и принуждении
10-12|Разберитесь в ответственности по долгам супруга
10-13|Проверьте порядок регистрации брака в России
11-2|Проверьте правовые риски разработки игровых читов
11-3|Не автоматизируйте обман и фиктивную активность
11-11|Проверяйте правила запуска и рекламы сервисов обхода ограничений
11-12|Уточните применимость условия о неконкуренции в России
11-16|Проверьте обязанности оператора данных до запуска сайта
11-17|Проверьте российские требования к своему ИИ-сервису
12-5|Проверьте договор и экономику франшизы
12-8|Уточните требования к пищевому бизнесу в России
12-14|Проверяйте налоговые вопросы через ФНС
13-27|Заблудившись, передайте координаты и согласуйте действия
13-39|Уточните российские основания возмещения вреда при спасении
14-9|Уточните альтернативу биометрической идентификации
15-3|Проверяйте полномочия получателя арендной платы
15-5|При продаже снимаемой квартиры проверьте права по договору
15-7|Выберите безопасный способ расчётов за жильё
16-2|Уточните льготные лекарства и лечение по ОМС
17-1|Обсудите помощь пожилому родственнику и оформление полномочий
18-2|Уточните российские выплаты и отпуск по беременности и родам
19-1|Проверяйте оформление и оплату сверхурочной работы
19-2|Проверьте остаток отпуска и компенсацию
19-4|Уточните порядок и выплаты при сокращении
19-5|Проверьте срок уведомления и расчёт при увольнении
19-6|Своевременно оспаривайте незаконное увольнение
19-14|При неоформленной работе сохраняйте доказательства трудовой травмы
19-16|Уточните поддержку семьи при гибели работника
20-2|Уточните первую прививку против гепатита B
21-6|Проверьте доступность денег и платежей за рубежом
22-5|Не используйте чужую личность при получении услуг
23-1|Проверьте российские условия трудоустройства подростка
23-2|Сравнивайте образовательные пути по своим целям
24-2|Уточните маршрут бесплатной помощи по ОМС
24-8|При тяжёлом состоянии обращайтесь за экстренной помощью
25-4|При сомнениях в причине смерти обратитесь официально
26-2|Определите российские требования к своему сайту
26-3|Проверьте требования к видео и трансляциям
26-4|Учитывайте требования к данным при выборе хостинга
26-5|Проверьте обязанности своей торговой площадки
26-7|Выясните, нужна ли вашему сервису идентификация
26-8|Учитывайте возраст пользователей при контенте и оплате
27-11|Проверьте условия родов по ОМС и платного контракта
29-11|Найдите психологическую поддержку в Москве
29-13|При отчаянии из-за долгов сначала позаботьтесь о безопасности
30-4|Оставляйте ребёнку время на прогулки и отдых глаз
30-10|Проверьте, не перегружен ли школьный день
31-2|Проверьте обязанности по воинскому учёту в России
31-3|Своевременно разберитесь с документами о призыве
31-4|Уточните образовательные льготы после службы
31-5|После службы проверьте документы и варианты работы
31-6|Проверьте положенные выплаты и льготы после службы
31-7|Проверяйте официальные условия работы в государственном секторе
31-8|Читайте обязательства педагогической программы до подписи
31-9|Проверяйте требования к ведомственным вакансиям
31-12|Проверьте страхование курьера или водителя платформы
31-13|Оцените обязательства по целевому обучению
31-16|Уточните российские программы поддержки малого бизнеса
33-3|Знайте права при психиатрической госпитализации
33-8|Уточните маршрут реабилитации ребёнка в России
33-9|Проверьте возможности адаптации жилья
33-11|Уточните налоговые льготы при инвалидности
33-15|Уточните российские условия управления адаптированным автомобилем
